Company Name,Brand,Website,Linkedin Intro
SPARC Technologies,Pudu,sparcglobaltech.com,"At SPARC, our expertise lies in robotics, technology, and advanced systems designed to support and elevate businesses to new heights. Established in 2021 in Ontario, Canada, we began our journey as a distributor and support partner for Pudu Robotics. Our primary focus is working closely with clients to enhance their businesses, reduce costs, and develop customized programs that turn their visions into reality."
ALBA Robot,Pudu,albarobotics.com,
Almex GmbH,Pudu,almex.de,
Apax Engineering,Pudu,apaxengineering.com,
ATECRESA,Pudu,canariasrobots.com,
ATP Yaz?l?m ve Teknoloji A.?.,Pudu,atptech.com,
Autorobotics,Pudu,autorobotics.io,
Canarias Robotics,Pudu,canariasrobotics.es,
Cleanatic (Thailand) Co. Ltd.,Pudu,cleanatic.com,
C1 SMART? Technologies,Pudu,coreoneoffice.com,
MSC Cyberport,Pudu,cyberport.com.my,
CYBERSUR INFORMATICA SL.,Pudu,cybersur.es,
Diamond Iberica,Pudu,diamondiberica.eu,
EnergieReich Consulting GmbH,Pudu,energiereich-consulting.com/,"Grow Your Resources - Innovations to achieve goals Robotik und High-Tech für Wachstum und Zukunftsf?higkeit. Einfach zu bedienende Technik, leistungsstarke Unterstützung und die Chance, dem Fachkr?ftemangel entgegenzuwirken."
Enyepa Engineering,Pudu,enyeparobotics.com,
ERDEBOT,Pudu,erdebot.fr,
ERM (Environmental Resources Management),Pudu,erm.ms,
EVENTFITTERY,Pudu,eventfittery.de,"Bei uns finden Sie alles, was Sie ben?tigen, um Ihr Event und/oder Gastronomie anst?ndig in Szene zu setzen. Ans?ssig ist unser Unternehmen im sch?nen Osterr?nfeld, gelegen im hohen Norden Deutschlands. Von hier aus kümmert sich unser kompetentes Team t?glich mit viel Freude, einer gro?en Portion Engagement und reichlich Sorgfalt um Sie, unsere Kunden."
Effedi Automation,Pudu,fdautomation.it,
FENKA Robotics,Pudu,fenka.de,
FieldBots,Pudu,fieldbots.com,
Fobotics,Pudu,fobotics.de,
Fulin Robots,Pudu,fulinrobots.nl,
G2 Green Technologies,Pudu,g2green.es,
GAUL Reinigungs- und Industrietechnik,Pudu,gaul-rit.net,
GBM,Pudu,gbmsystem.it,
Giobotics,Pudu,giobotics.de,
Goldstone Solutions Sdn Bhd,Pudu,goldstone.com.my,
Groupe PLG,Pudu,groupeplg.com,
Riel,Pudu,grupporiel.it,
GW Robotics,Pudu,gwrobotics.co.uk,
Hako Vi?t Nam,Pudu,hakovietnam.com,
禾達工業科技,Pudu,herdartech.com,
HoST,Pudu,host.sg,
ICIT-Software Srl,Pudu,icit-software.com,
Intelligent Factory Sdn. Bhd.,Pudu,ifact.com.my,
IMEC Hygiene Sdn Bhd,Pudu,imec.com.my,
Pudu Robotics,Pudu,ims.com.my,
Intec Robots,Pudu,intecrobots.com,
Intercar Group,Pudu,intercargroup.eu,
Janitor,Pudu,janitor.pl,
Pudu Robotics,Pudu,jobotto.fr,
Kawan Lama Group,Pudu,kawanlamagroup.com,
Kemcomm,Pudu,kemcomm.it,
Sorbus,Pudu,kosiarkaautomatyczna.eu,
LDR Automationsservice AB,Pudu,ldrab.se,
Lean Robotics,Pudu,leanrobot.eu,
Leobotics,Pudu,leobotics.com,
Pudu Robotics,Pudu,log-robot.com,
Lolatek Technology Inc.,Pudu,lolatek.com.tw,
Mission20 Zero,Pudu,m20zero.com,
Madrid Robotics,Pudu,madridrobotics.com,
Megaprint Canarias,Pudu,megaprintcanarias.com,
Metro Solutions,Pudu,metrosolutions.ie,
Blue Robotics,Pudu,misterblue.at,
Groupe Monnet,Pudu,monnet-materiel-nettoyage.fr,
Multicom,Pudu,multicom.com.tr,
Muzybar Robotics,Pudu,muzybarrobotics.es,
My Robot Company Ltd.,Pudu,myrobot.asia,
MySolutions Inc.,Pudu,mysolutions.com.ph,
New Generation Hotelier,Pudu,newgenerationhotelier.com,
Nova Robots,Pudu,novarobots.es,
Noxon,Pudu,noxon.at,
Nviro,Pudu,nviro.co.uk,
GROUPE PLG,Pudu,oceade-bretagne.bzh,
Pudu Robotics,Pudu,officewarehouse.com.ph,
One Stop Cleaning Shop,Pudu,onestopcleaningshop.co.uk,
Ourglass,Pudu,ourglass.com.sg,
Pigs Informatique,Pudu,pigs-informatique.be,
Delora Technology,Pudu,project15672956.tilda.ws,
PromaxShop,Pudu,promaxshop.vn,
Purozo Ltd,Pudu,purozo.co.uk,
ROBify,Pudu,robify.at,
Robloc,Pudu,robloc.fr,
ROBOPLANET,Pudu,robo-planet.de/,"Robotik für Unternehmen: ROBOPLANET steht für Innovation, Qualit?t und nachhaltigen Mehrwert. Unsere Mission ist es, die Leistungen im Bereich Reinigung und Service in Ihrem Betrieb auf das n?chste Level zu heben."
Roboservice,Pudu,roboservice.be,
RoboSolutions,Pudu,robosolutions.ie,
Pudu Robotics,Pudu,robotdelimpieza.com,
Roboterly GmbH,Pudu,roboterly.com,
ALMEX GmbH,Pudu,robotics-almex.de,
Telmekom Robotics,Pudu,robotics.telmekom.com,
Robotics Norden AS,Pudu,roboticsnorden.com,
Robotplace,Pudu,robotplace.io,
Roboworld,Pudu,roboworld.com.vn,
SantralMarket,Pudu,santralmarket.net,
Schmachtl GmbH,Pudu,schmachtl.at,
Sebotics,Pudu,sebotics.com/,"Unser Ziel ist es, das Leben der Menschen mit Robotertechnik nachhaltig zu erleichtern. So sollen Dienstleister, Servicefachkr?fte usw. wieder Zeit für den Kunden haben - der Roboter erledigt den Rest."
Pudu Robotics,Pudu,service-roboter.org,
ServiceBots,Pudu,servicebots.ie,
SGR (Smith Gambrell Russell),Pudu,sgrbot.com,
Pudu Robotics,Pudu,sharptextcork.ie,
Fenka,Pudu,shop.fenka.de,
Sinergia Media Labs (Simelabs),Pudu,sinergiarobotics.com,
Solore,Pudu,solore.pl,
Solstice AV,Pudu,solsticeav.com,
SPARK Robotics,Pudu,spark-robotics.com,
SPARK EPoS,Pudu,sparkepos.com,
Switch Bowling,Pudu,switchbowling.fr,
Pudu Robotics,Pudu,tekmarkgroup.com,
telmekom,Pudu,telmekom.com/,"Telmekom Networks bietet seinen Kunden hochwertige Konnektivit?tsl?sungen. Wir zeichnen uns durch Kompetenz, Dynamik und Flexibilit?t aus – Eigenschaften, die es uns erm?glichen, einen einzigartigen und umfangreichen Service für alle Kommunikationszwecke zu bieten."
Terra Robotics,Pudu,terra-robotics.de,Entdecken Sie die Zukunft der Automatisierung mit unseren intelligenten Roboterl?sungen!
Tidy Green Clean,Pudu,tidygreenclean.co.uk,
Somos Inc.,Pudu,tienda.esomos.com,
Pudu Robotics,Pudu,toxxic.pl,
Tung Viet Communication Co. Ltd.,Pudu,tungviet.tech,
Pudu Robotics,Pudu,tuttoperlalogistica.it,
Unify Energy Solutions,Pudu,unifyenergy.vn,
VHIT Robotics,Pudu,vhitrobotics.com,
VIETPACK MACHINERY GROUP,Pudu,vietpackmachinery.com,
VN Robotics,Pudu,vnrobotics.vn,
WIONGO Robotics,Pudu,wiongorobotics.com,
WTH AUTO SYSTEMS COMPANY LIMITED,Pudu,wthautosystems.com,
Xtrike Robotics Sdn Bhd,Pudu,xtrikerobotic.com,
Leobotics,Pudu,zh-cn.leobotics.com,
福泰益自動化設備股份有限公司,Gausium,1207367084015.tw66.com.tw,
志泰國際股份有限公司,Gausium,24464606.jetbean.com.tw,
Abeco Holland B.V.,Gausium,abecoholland.nl,"Uw handelsonderneming voor schoonmaakmiddelen, -materialen en -machines, toiletpapier, handzepen, plastic bekers. Als onafhankelijke dealer wordt advies op maat gegeven door onze verkoopadviseurs, waarbij uw wensen, behoeftes en budget centraal staan."
Global Net,Gausium,about.globalnet.be,
ACCECIT,Gausium,accecit.com,
PT Adhya Graha Kencana,Gausium,adhyagrahakencana.com,"AGK provides a comprehensive wide range of products to the profesional cleaning industry. From Janitorial Tools, Vacuum Cleaners, Polisher, Scrubber Dryers, and Chemicals. We use a better technology to have a maximal result in cleaning. Brand: Klenco Indonesia, Tennant Indonesia, Duplex Machine, Sebo, Ikari Japan, and I-MOP Indonesia"
AITEC Corporation,Gausium,aitecrobotics.com,
ALBIS,Gausium,albis.net,
Almex System Technology Asia Sdn. Bhd.,Gausium,almex-sta.com,
Alpheios,Gausium,alpheios.be,"Altijd een schone vloer – zonder extra personeel? Ontdek hoe onze autonome vloerreinigingsrobot jouw team ondersteunt en zorgt voor een consistente, schone vloer – elke dag weer."
SoftBank Robotics,Gausium,apac.softbankrobotics.com,
Arlaco Limited,Gausium,arlaco.ie,"Arlaco Limited is an Irish provider of contract cleaning services. We utilize a wide range of cleaning equipment, from traditional scrubber dryers and sweepers to our newest addition: cutting-edge, AI-powered cleaning robots."
AUSTROWIT KG,Gausium,austrowit.com,
Beese Reinigungsmaschinen,Gausium,beeseshop.de,
BotBase,Gausium,bot-base.com,
Bunzl Cleaning & Hygiene Supplies,Gausium,bunzlchs.com,
Ceva Multiline S.r.l.,Gausium,cevamultiline.it,
Columbus Temizlik Makineleri,Gausium,columbus.com.tr,
DDV Systems,Gausium,ddv-systems.be,"DDV Systems is uw adviseur en leverancier voor oproepsystemen, communicatiesystemen en robots. Met onze 8 jaar aan ervaring kunnen we u de beste oplossing voorstellen voor uw applicatie."
Dibosch,Gausium,dibosch.com,
Doseer,Gausium,doseer.nl,
Drim Robotics,Gausium,drimrobotics.eu,"Drim Robotics is a control integrator. We are designing and developing systems for automated control of industrial machines, production lines, process environments and other automated appliances."
Dussmann Group,Gausium,dussmann.pl,"Dussmann is a solution partner in the areas of facility management, food services and technical plant construction."
Fortech,Gausium,e-fortech.pl,
Elite VDP Company Limited,Gausium,elite-vdp.com,"Elite VDP - ""Most Advanced Integrated Hygiene Solutions Provider"""
Leobotics,Gausium,en.leobotics.com,
Facilibot,Gausium,facilibot.com,
Facility Trade Group,Gausium,facilitytradegroup.nl,"Facility Trade Group is een onafhankelijke facilitaire groothandel op het gebied van non-food horeca producten, reinigingssystemen en -machines en hygi?ne voorzieningen."
FairPlay Sports Media,Gausium,fairplayplus.pl,"Fair Play Plus to lider na rynku dystrybucji urz?dzeń i ?rodków czysto?ci. Zapewnia kompleksowe zaopatrzenie firm sprz?taj?cych, zak?adów produkcyjnych, us?ugowych, hoteli, szkó?, biur itp."
Faro Carrelli Elevatori S.p.A.,Gausium,farocarrelli.com,"FARO carrelli elevatori, nasce nel 1974, e da oltre 45 anni si occupa del commercio di carrelli elevatori e attrezzature per la logistica. Durante questo percorso FARO carrelli elevatori ha sempre rappresentato il marchio premium LINDE, leader europeo nella costruzione di carrelli elevatori."
Gausium,Gausium,gausium.tr,
Glanaco Limited,Gausium,glanaco.ie,
Haaga veegmachines,Gausium,haagaveegmachines.nl,
Haagclean Products B.V.,Gausium,haagclean.nl,
haid-tec geprüfte Oberfl?chentechnik GmbH,Gausium,haid-tec.com,
Heromatics,Gausium,heromatics.be,Heromatics: Slimme reinigingsrobots voor professionele toepassingen ?? Heromatics is een Belgische onderneming gespecialiseerd in autonome reinigingsrobots die bedrijven helpen hun schoonmaakprocessen te automatiseren en te optimaliseren.
Hoan My Hotel Equipment Supply Company Limited,Gausium,hoanmyhotelsupply.com,
Khosivesinh.Com,Gausium,khosivesinh.com,
Komag Reinigungstechnik Südtirol,Gausium,komag.it,"Bodenreinigungsmaschine, Bodenreinigungsmaschinen, Zentralstaubsauger, Industriestaubsauger, Industriezentralstaubsauger, Waschmittel, Reinigungsmittel, Dosieranlagen, Kundenservice"
Le Hoang Robotics,Gausium,lehoangrobotics.com,
Meprolim,Gausium,meprolim.es,"Cavas Catalanas, MEPROLIM, desde 1969, comercializa sistemas para que el cliente con un solo proveedor pueda atender todas sus necesidades de limpieza."
Nordic Robotic Group,Gausium,nordicroboticgroup.com,We drive the autonomous transformation and empower businesses to work together with high tech robotic solutions.
RAAS PAL,Gausium,raaspal.com,Raas Pal provides powerful integration between the Robotics and AIoT system to make the robots work more efficiently with more data. The integration of the AIoT platform will enable the robot work autonomously with your business logics to achieve minimal human intervention.
HOLACO Robotics,Gausium,roboticsvietnam.org,
Smart Servant,Gausium,smartservant.nl,Smart Servant is dé specialist op het gebied van schoonmaak- en delivery robots voor de hospitality- en leisuresector. Bij ons staat de mens voorop ondersteund door innovatie.
UAS Engineering Pte. Ltd.,Gausium,uas-eng.com,
Vedosign B.V.,Gausium,vedosign.com,"SERVICE, BEREIKBAARHEID OF GASTVRIJHEID VERBETEREN Met een draadloos oproepsysteem of communicatiesysteem van VeDoSign optimaliseert u de communicatie met uw gasten, bezoekers of medewerkers."
Werk met Kacha,Gausium,werkmetkacha.nl,
Hellopro,Gausium,www.hellopro.fr,"www.hellopro.fr répertorie les produits de milliers de sociétés, et propose une mise en relation avec les fournisseurs, afin de faciliter le processus d'achat pour les entreprises, collectivités, administration, associations, indépendants."
King Belgium,Gausium,kingbelgium.be,
Labrosse équipement,Gausium,labrosse-equipement.fr,"Créée par Guy LABROSSE en 1977, la société LABROSSE équipement est votre concessionnaire exclusif Fenwick-linde en Dr?me, Ardèche, Vaucluse et Alpes de Haute Provence depuis plus de 45 ans."
OrboTech Sweden AB,Gausium,orbotech.se,"Vi utmanar er att v?nda p? gamla uppfattningar och t?nka i nya banor, samtidigt som vi g?r st?dningen enklare, roligare och effektivare med innovativa st?dprodukter i v?rldsklass!"
Perpulire S.r.l.,Gausium,perpulire.it,
Pool Industriale,Gausium,poolindustriale.it,Nel 1975 un gruppo di Aziende Leader diede vita al primo network interaziendale: un’operazione strategica unica al mondo per modalità e qualità realizzata con il progetto editoriale della Rassegna Pool Industriale.
RentingTec,Gausium,rentingtec.com,"We provide our customers with short, medium and long-term Rental and other OPEX (financial) solutions in order to fulfil Testing, Measurement and Commissioning needs."
Robiq,Gausium,robiq.se,"Robiq hj?lper dig med robotl?sningar inom st?dning, leverans och servering f?r en mer h?llbar arbetsmilj?, b?ttre kompetensf?rs?rjning och en ?kad l?nsamhet."
SIMPPLE Ltd. | NASDAQ: SPPL,Gausium,simpple.ai,Make managing your facilities SIMPPLE. We are on a mission to transform every building and make them future-ready by equipping them with smart and green technologies.
Supplies Direct,Gausium,suppliesdirect.se,Supplies Direct - unique solutions to everyday cleaning problems.
Toussaint Entreprises,Gausium,toussaint-groupe.fr,
XVEL.TECH,Gausium,xvel.tech,
Hygienalia,Gausium,hygienalia.com,
ICA System,Gausium,icasystem.it,
Innoway,Gausium,innowayrobotics.nl,
Inova,Gausium,inova-group.it,
KRobot Campania,Gausium,krobotcampania.com,
Labrosse Cleaning,Gausium,labrosse-cleaning.fr,
NextFM Robotics,Gausium,nextfmrobotics.de,
NextGen Robotics,Gausium,nextgenrobotics.nl,
Nou Colors,Gausium,noucolors.com,
REMA Group,Gausium,remaconcept.de,
SEC-COM Sicherheits- und Kommunikationstechnik GmbH,Gausium,sec-com.de,
Robot Componentes,Gausium,shop.robotcomponentes.com,
Socaf,Gausium,socaf.it,
Tot Net,Gausium,totnet.es,
Toussaint Unternehmensgruppe,Gausium,toussaint.de,
Americhem International,Tennant,americhem.net,
Berdiel,Tennant,berdiel.es,
Carey Cleaning Machines Ltd,Tennant,careycleaningmachines.com,
Carey Tennant,Tennant,careytennant.ie,
Tennant Company,Tennant,cleanmachine.se,
CleanWhale,Tennant,cleanwhale.pl,
Clemas & Co. Limited,Tennant,clemas.co.uk,
Czarny,Tennant,czarny.info,
Tennant Company,Tennant,dimensionepulito.it,
Tennant Company,Tennant,directindustry.es,
Dubai Clean,Tennant,dubaiclean.com,
Facilicom Group,Tennant,facilicom.nl,
Tennant Company,Tennant,faip.it,
Fugar Rent Equipos Industriales S.L.,Tennant,fugarrent.es,
Gothaer F?rderger?te Center GmbH & Co KG,Tennant,gfc-gotha.de,
Tennant Company,Tennant,gi-erre.it,
GT Cleaning Machines Limited,Tennant,gtcleaningmachines.co.uk,
Hugh Crane (Cleaning Equipment) Ltd,Tennant,hughcrane.co.uk,
Industrial Cleaning Machinery (UK) Ltd,Tennant,icmuk.co.uk,
Industrial Cleaning,Tennant,industrialcleaning.nl,
Ismac,Tennant,ismac.it,
Jungheinrich PROFISHOP,Tennant,jh-profishop.de,
Jurek Reinigungstechnik GmbH & Co. KG,Tennant,jurek.berlin,
Wim Langeveld Machines,Tennant,langeveldmachines.nl,
Tennant Company,Tennant,lepper-clean.com,
FM Systeme,Tennant,logimat-messe.de,
Monning GmbH Reinigungstechnik,Tennant,monning-reinigungstechnik.shop,
Motrac,Tennant,motrac.be,
Multi-Service,Tennant,multi-service.fr,
Piquersa Maquinaria S.A.,Tennant,piquersa.es,
Tennant Company,Tennant,productospavifortvalles.com,
PTS Reinigungssysteme GmbH,Tennant,pts-reinigungssysteme.de,
Riva Carrelli Elevatori,Tennant,rivacarrelli.com,
SAS Adms,Tennant,sas-adms.fr,
SIRSA - Servicios Industriales Reunidos,Tennant,sirsa.com,
S?ffge Geb?udereinigung,Tennant,soeffge.de,
Sorma Sverige AB,Tennant,sorma.se,
Tecnodelsa,Tennant,tecnodelsa.com,
Tennant Company,Tennant,tennantco.com,
Tennant Company,Tennant,tennantco.com.tr,
Tennant Company,Tennant,tenrent.nl,
Tennant Company,Tennant,tenrent.pl,
Trafalgar Cleaning Equipment,Tennant,trafalgarcleaningequipment.co.uk,
WALO Bertschinger,Tennant,walo.nl,
Sveaverken,Tennant,directindustry.it,
Riehemann OHG,Tennant,riehemann-ohg.de,
Matorobot.nl,Sveaverken,matorobot.nl,
Sveaverken,Sveaverken,directindustry.de,
Sveaverken,Sveaverken,directindustry.fr,
United Robotics Group,United Robots Group,reinigungs-roboter.net,
wabeko,United Robots Group,wabeko.de,
killis,Lions,killis.co.uk,"Founded in 1964 Killis, manufactures and imports specialist cleaning equipment and janitorial supplies for the cleaning industry. Our unique range of cleaning products, vacuum cleaners, floor scrubbers, pressure washers and rotary floor polishers are all available to purchase online & from our local stores."
,Lions,hollu.com,
,Lions,infraservices.apleona.com,
K?rcher,K?rcher,cotraco.de,
K?rcher,K?rcher,ersatzteil-fee.de,
Matech GmbH,K?rcher,matech-buehl.de,
Suffel F?rdertechnik GmbH & Co. KG,K?rcher,suffel.com,
CK Consumables Ltd,ICE Cobotics,ckconsumables.com,
Faust Reinigungstechnik GmbH,ICE Cobotics,faust-reinigungstechnik.de,
Füber Reinigungstechnik,ICE Cobotics,fueber-reinigungstechnik.com,
Gottron Reinigungsmittel GmbH,ICE Cobotics,gottron-hygiene.de,
Hygiene Rakus GmbH,ICE Cobotics,hygiene-rakus.de,
ICE Cobotics,ICE Cobotics,hygra.de,
mstore GmbH & Co. KG,ICE Cobotics,mstore-hygiene.de,
Saubermann-Meffert,ICE Cobotics,saubermann-meffert.de,
Zwetko GmbH Fachgro?handel für Betriebshygiene,ICE Cobotics,zwetko.eu,
Killis LTD,Nexaro,cleanerhealthierspaces.co.uk,
GVS-GROSSVERBRAUCHERSPEZIALISTEN eG,Nexaro,gvs-eg.de,
K?der GmbH,Nexaro,koeder-hygiene.de,
Onken Betriebsbedarf,Nexaro,onken-direkt.de,
Uwe Onken GmbH,Nexaro,uwe-onken.de,
Crescent Industrial,Adlatus Robotics,crescentindustrial.co.uk,
IRP Intralogistica,Adlatus Robotics,irp-intralogistica.com,
Jetschke Industriefahrzeuge (GmbH & Co.) KG,Adlatus Robotics,jetschke.de,
Lighthouse Visual Communications Ltd,Adlatus Robotics,lvcuk.com,
123-Reinigungsbedarf (W. Classen),ICE Cobotics,123-reinigungsbedarf.de,
1plushygiene,Cleanfix,1plushygiene.de,
Actis Location,Kärcher,actis-location.com,
Afidamp (Association Listing),LionsBot,afidamp.it,
Kärcher Center Amschl,Kärcher,amschl.at,
Apprich GmbH,Gausium,apprich-reinigung.de,
Aprolis,"Gausium, Kärcher, Cleanfix",aprolis.com,
A.R.CO.,Kärcher,arcosrl.it,
ASP Robotics,Gausium,asp-robotics.com,
ASP ROKO,Gausium,asp-roko.de,
Assindia,Gausium,assindia-direkt.de,
Attiva Evolution,Gausium,attivaevolution.com,
Avodesch,Gausium,avodesch.nl,
Azzurra Macchine (Kärcher Center Azzurra),Kärcher,azzurramacchine.it,
Kärcher Center Benstein,Kärcher,benstein.de,
Biora GmbH,Gausium,biora.at,
Boma,"Gausium, Kärcher, LionsBot, ICE Cobotics, i-Team Global",boma.eu,
Borema Umwelttechnik GmbH,Gausium,borema.at,
Campana Noleggio,Gausium,campananoleggio.com,
Care Cleaning Machines,Gausium,care-cleaning-machines.de,
CARE GmbH,Gausium,care-gmbh.de,
Carel Lurv,Cleanfix,carellurv.nl,
Carel Lurvink,i-Team Global,carellurvink.nl,
CCPI (Cleaning Care Products International),CenoBots,ccpi.nl,
CDS S.r.l. (Cleaning Distribution Systems),Gausium,cds-srl.com,
Cemex Trescon,i-Team Global,cemextrescon.nl,
Clean Matériel,"Kärcher, Cleanfix, i-Team Global",clean-materiel.com,
Clean Robots,Gausium,clean-robots.fr,
Clean2Day,"Kärcher, Cleanfix, i-Team Global",clean2day.nl,
CleanCare,i-Team Global,cleancare.nl,
Cleanclub,i-Team Global,cleanclub.de,
Clean Équipements,i-Team Global,cleanequipements.com,
Cleaning Care,Gausium,cleaningcare.nl,
Clennio,ICE Cobotics,clennio.com,
Clenol,Gausium,clenol.com,
Crohill,i-Team Global,crohill.nl,
Deltaservice Srl (Kärcher Center Deltaservice),Kärcher,deltaservicesrl.com,
Deltrian,CenoBots,deltrian.com,
DiBO,Adlatus Robotics,dibo.com,
Dierre,Kärcher,dierre.eu,
Dileos,Gausium,dileos.fr,
Dinaco,Kärcher,dinaco.de,
Dousset Matelin,Kärcher,dousset-matelin.fr,
Dullens,Gausium,dullens.nl,
Eco-Service s.r.l.,LionsBot,eco-service.it,
Ecoservice S.r.l.,Gausium,ecoservice.it,
Emiliana Macchine,Gausium,http://tannery-machines.com/emiliana-macchine-conceria/,
Euro-C,Kärcher,euro-c.it,
Exel Green,Gausium,exelgreen.fr,
Fachmarkt Wagener,Cleanfix,fachmarkt-wagener.de,
Faip Bâtiment,"Gausium, Kemaro",faip.fr,
Falco S.a.s.,LionsBot,falcosas.it,
Falco S.r.l.,Gausium,falcosrl.com,
Faubourg 132,Gausium,faubourg132.fr,
Faupel GmbH,Gausium,faupel-gmbh.de,
Faure QEI,"Gausium, LionsBot",faure-qei.com,
Fiedler & Schneidewind GmbH,LionsBot,fiedler-schneidewind.de,
Gaerner Austria,Adlatus Robotics,gaerner.at,
Geesinknorba,Gausium,geesinknorba.com,
Gialdi,Kärcher,gialdi.it,
P. Glatzeder,"Gausium, LionsBot",glatzeder.de,
Groupe CK,Chancee,groupe-ck.com,
Groupe Clean,"Gausium, Kärcher, Cleanfix, i-Team Global",groupe-clean.fr,
Groupe ICA,Gausium,groupe-ica.com,
Groupe PI,Gausium,groupe-pi.com,
Groveko,"Gausium, Kärcher, Adlatus Robotics, CenoBots, Cleanfix, i-Team Global, Avidbots",groveko.nl,
GS Robotics,Gausium,gs-robotics.com,
G.S.C. (Gouda Schoonmaak Machines),Cleanfix,gsc.nl,
Hahn Robshare,Gausium,hahn-robshare.com,
Kärcher Center Haug,Kärcher,haug-kaercher.de,
Hazet (IG),Kärcher,hazet.ig.nl,
Hegro Eichler,Adlatus Robotics,hegro.de,
Hennig Hygiene,Adlatus Robotics,hennig-hygiene.de,
Henry Kruse GmbH & Co. KG,"LionsBot, i-Team Global",henry-kruse.de,
Hijman,i-Team Global,hijman.nl,
Hoffmann Group France,Adlatus Robotics,hoffmann-group.com,
hollu Systemhygiene GmbH,"Gausium, i-Team Global",hollu.com,
Kärcher Center Hüssong,Kärcher,huessong.de,
Hygie Meca,Gausium,hygie-meca.fr,
Hygiène Promotion,i-Team Global,hygiene-promotion.fr,
Hygiene-Shop.com,"Kärcher, Cleanfix",hygiene-shop.com,
igefa Handelsgesellschaft m.b.H. (Arigala),"Adlatus Robotics, LionsBot, i-Team Global",igefa.at,
IGS Hagen,Adlatus Robotics,igs-hagen.de,
Indors,Kärcher,indors.it,
Innovi,Gausium,innovi.nl,
ISC Group (Innovative Specialist Care),LionsBot,isc-robotics.com,
ISC s.r.l.,"Gausium, Kärcher, Adlatus Robotics, LionsBot, i-Team Global, Avidbots",iscsrl.com,
Jack Clean,LionsBot,jackclean.fr,
Jeikner,"LionsBot, Cleanfix",jeikner.de,
KAISER kkf,i-Team Global,kaiser-kkf.de,
Kenter,"Gausium, LionsBot",kenter.de,
KHE Service,Gausium,khe-service.de,
Killis (Killi’s),i-Team Global,killis.at,
Kitzberger,Kärcher,kitzberger.at,
Kiveld,i-Team Global,kiveld.de,
Labor H,i-Team Global,labor-h.fr,
Labrosse Matériel Solutions,Kärcher,labrosse-materiel-solutions.fr,
Lefeld,Kärcher,lefeld.de,
Kärcher Center Lippert,Kärcher,lippert-reinigungstechnik.de,
M.A.C. Systemlösungen GmbH,Gausium,mac-systemloesungen.de,
Magers S.r.l.,CenoBots,magers.it,
Makiol Services GmbH,Gausium,makiol.de,
Manes Macchine S.r.l.,Gausium,manes.it,
Manutention Services,Kärcher,manutention-services.fr,
Aurama,,,
Mapa S.r.l.,Gausium,mapa-srl.com,
M.A.P. Srl,LionsBot,mapsrl.it,
Masi Communication,Gausium,masicommunication.com,
Mat’Net,Gausium,mat-net.com,
Matériel de Nettoyage 74 (MN74),i-Team Global,materiel-nettoyage-74.fr,
MAT’NET,Kärcher,matnet02.fr,
Kärcher Center Matthäs,Kärcher,matthaes.de,
Mavtec,Adlatus Robotics,mavtec.be,
Mazzuoli S.p.A.,Chancee,mazzuoli.it,
Mencke,Kärcher,mencke.nl,
Mercateo Austria (Unite),Adlatus Robotics,mercateo.at,
METIS Robotics,Gausium,metis-robotics.de,
Kärcher Center Müller,Kärcher,mueller-reinigungstechnik.de,
Mull2media,Kärcher,mull2media.nl,
Groupe Onet,LionsBot,onet.fr,
Ora Robotique (Ora Groupe),Gausium,ora-groupe.fr,
Groupe Paredes,"Adlatus Robotics, LionsBot",paredes.fr,
Professional Robotics Group (P.R.G.),"CenoBots, Gausium",pr-g.com,
P.R.O. Robotics,DeepBlue Technology,pro-robotics.de,
Professional Robotics (P.R.O. Handels GmbH),Gausium,professional-robotics.at,
Profi Kiel,Kärcher,profikiel.de,
Protech Distribution,Gausium,protech-distribution.fr,
Provence Hygiène,Kärcher,provencehygiene.com,
Proxima Robotics,Gausium,proximarobotics.com,
Pulimav,"Gausium, Kärcher",pulimav.eu,
RCM S.p.A.,LionsBot,rcm.it,
Reinigungsberater.de (Görner),Kärcher,reinigungsberater.de,
Reinigungstechnik24 (Riwald GmbH),Kärcher,reinigungstechnik24.de,
Reinigungstechnik4you,i-Team Global,reinigungstechnik4you.de,
RentClean,Kärcher,rentclean.nl,
R.G.A. Service,Gausium,rgaservice.it,
Siegfried Richter GmbH,LionsBot,richter-reinigungstechnik.de,
Kärcher Center Salomo,Kärcher,salomo.nl,
SALTI,Kärcher,salti.fr,
Schäfer Shop Austria,Adlatus Robotics,schaefer-shop.at,
Scheureder,Kärcher,scheureder.at,
SGS Reinigungssysteme,Cleanfix,sgs-reinigungssysteme.de,
Henry Kruse,i-Team Global,shop.henrykruse.de,
Siegmund Care,i-Team Global,siegmund.care,
Sigron Handels- u. Schulungs GmbH,i-Team Global,sigron.at,
Simple.Clean (SCS),Adlatus Robotics,simple-clean.de,
Smart Clean Services,Gausium,smart-clean-services.fr,
Franz Söffing,Gausium,soeffing.de,
SoftBank Robotics EMEA,Gausium,softbankrobotics.com,
Soltech,Gausium,soltech-nr.com,
SOTEC,Kärcher,sotec-shop.de,
Staehlin GmbH,LionsBot,staehlin.de,
STOLZ,Kemaro,stolz.fr,
Süd-Reinigungstechnik,Kärcher,sued-reinigungstechnik.de,
Tecnologia & Pulizia,LionsBot,tecnologiaepulizia.it,
Total Cleaning Products,"CenoBots, Gausium",totalcleaningproducts.nl,
Totaro S.r.l.,Gausium,totarosrl.it,
Uniservice S.r.l.,Gausium,uniservice-srl.com,
Vepo Clean,Kärcher,vepoclean.nl,
Vivier Manutention,Kärcher,vivier-manutention.fr,
Kärcher Center Walch,Kärcher,walch-gmbh.de,
Walz Gebäude- und Reinigungstechnik,Kärcher,walz-reinigungstechnik.de,
Weska,"Gausium, Kärcher, Cleanfix, i-Team Global",weska.nl,
Westphal GmbH,Kärcher,westphal-gmbh.de,
Weststrate,i-Team Global,weststrate.nl,
Wittrock + Uhlenwinkel GmbH,"LionsBot, i-Team Global",wittrock-uhlenwinkel.de,